Title,Link,Author Info,Abstract,Tasks,GitHub Link,Star Count
"Mini-Omni: Language Models Can Hear, Talk While Thinking in Streaming","https://paperswithcode.com/paper/mini-omni-language-models-can-hear-talk-while"," gpt-omni/mini-omni •  • 29 Aug 2024","We also introduce the VoiceAssistant-400K dataset to fine-tune models optimized for speech output.","Speech Synthesis","https://github.com/gpt-omni/mini-omni"," 1,559"
"FLUX that Plays Music","https://paperswithcode.com/paper/flux-that-plays-music"," feizc/fluxmusic •  • 1 Sep 2024","This paper explores a simple extension of diffusion-based rectified flow Transformers for text-to-music generation, termed as FluxMusic.","Music Generation|Text-to-Music Generation","https://github.com/feizc/fluxmusic"," 1,041"
"WavTokenizer: an Efficient Acoustic Discrete Codec Tokenizer for Audio Language Modeling","https://paperswithcode.com/paper/wavtokenizer-an-efficient-acoustic-discrete"," jishengpeng/wavtokenizer •  • 29 Aug 2024","Despite the reduced number of tokens, WavTokenizer achieves state-of-the-art reconstruction quality with outstanding UTMOS scores and inherently contains richer semantic information.","Language Modelling","https://github.com/jishengpeng/wavtokenizer"," 527"
"rerankers: A Lightweight Python Library to Unify Ranking Methods","https://paperswithcode.com/paper/rerankers-a-lightweight-python-library-to"," answerdotai/rerankers •  • 30 Aug 2024","This paper presents rerankers, a Python library which provides an easy-to-use interface to the most commonly used re-ranking approaches.","Re-Ranking|Retrieval","https://github.com/answerdotai/rerankers"," 697"
"DGR-MIL: Exploring Diverse Global Representation in Multiple Instance Learning for Whole Slide Image Classification","https://paperswithcode.com/paper/dgr-mil-exploring-diverse-global"," chongqingnosubway/dgr-mil •  • 4 Jul 2024","Second, we propose two mechanisms to enforce the diversity among the global vectors to be more descriptive of the entire bag: (i) positive instance alignment and (ii) a novel, efficient, and theoretically guaranteed diversification learning paradigm.","Descriptive|Diversity","https://github.com/chongqingnosubway/dgr-mil"," 77"
"Sapiens: Foundation for Human Vision Models","https://paperswithcode.com/paper/sapiens-foundation-for-human-vision-models"," facebookresearch/sapiens •  • 22 Aug 2024","We present Sapiens, a family of models for four fundamental human-centric vision tasks -- 2D pose estimation, body-part segmentation, depth estimation, and surface normal prediction.","2D Pose Estimation|Depth Estimation","https://github.com/facebookresearch/sapiens"," 3,686"
"LongLLaVA: Scaling Multi-modal LLMs to 1000 Images Efficiently via Hybrid Architecture","https://paperswithcode.com/paper/longllava-scaling-multi-modal-llms-to-1000"," freedomintelligence/longllava •  • 4 Sep 2024","Expanding the long-context capabilities of Multi-modal Large Language Models~(MLLMs) is crucial for video understanding, high-resolution image understanding, and multi-modal agents.","Video Understanding","https://github.com/freedomintelligence/longllava"," 65"
"NTIRE 2024 Challenge on Low Light Image Enhancement: Methods and Results","https://paperswithcode.com/paper/ntire-2024-challenge-on-low-light-image"," caiyuanhao1998/retinexformer •  • 22 Apr 2024","This paper reviews the NTIRE 2024 low light image enhancement challenge, highlighting the proposed solutions and results.","4k|Low-Light Image Enhancement","https://github.com/caiyuanhao1998/retinexformer"," 816"
"Eagle: Exploring The Design Space for Multimodal LLMs with Mixture of Encoders","https://paperswithcode.com/paper/eagle-exploring-the-design-space-for"," nvlabs/eagle •  • 28 Aug 2024","We discover that simply concatenating visual tokens from a set of complementary vision encoders is as effective as more complex mixing architectures or strategies.","Optical Character Recognition","https://github.com/nvlabs/eagle"," 327"
"VisionTS: Visual Masked Autoencoders Are Free-Lunch Zero-Shot Time Series Forecasters","https://paperswithcode.com/paper/visionts-visual-masked-autoencoders-are-free"," keytoyze/visionts •  • 30 Aug 2024","Surprisingly, without further adaptation in the time-series domain, the proposed VisionTS could achieve superior zero-shot forecasting performance compared to existing TSF foundation models.","Image Reconstruction|Time Series","https://github.com/keytoyze/visionts"," 68"
"Text2SQL is Not Enough: Unifying AI and Databases with TAG","https://paperswithcode.com/paper/text2sql-is-not-enough-unifying-ai-and"," tag-research/tag-bench • 27 Aug 2024","Such systems would allow users to leverage the powerful reasoning and knowledge capabilities of language models (LMs) alongside the scalable computational power of data management systems.","RAG|TAG","https://github.com/tag-research/tag-bench"," 259"
"Unleashing the Temporal-Spatial Reasoning Capacity of GPT for Training-Free Audio and Language Referenced Video Object Segmentation","https://paperswithcode.com/paper/unleashing-the-temporal-spatial-reasoning"," appletea233/al-ref-sam2 •  • 28 Aug 2024","In this paper, we propose an Audio-Language-Referenced SAM 2 (AL-Ref-SAM 2) pipeline to explore the training-free paradigm for audio and language-referenced video object segmentation, namely AVS and RVOS tasks.","Object|Semantic Segmentation","https://github.com/appletea233/al-ref-sam2"," 30"
"Unifying Sequences, Structures, and Descriptions for Any-to-Any Protein Generation with the Large Multimodal Model HelixProtX","https://paperswithcode.com/paper/unifying-sequences-structures-and"," PaddlePaddle/PaddleHelix •  • 12 Jul 2024","The experimental results affirm the advanced capabilities of HelixProtX, not only in generating functional descriptions from amino acid sequences but also in executing critical tasks such as designing protein sequences and structures from textual descriptions.","scientific discovery","https://github.com/PaddlePaddle/PaddleHelix"," 962"
"Distance-aware Molecule Graph Attention Network for Drug-Target Binding Affinity Prediction","https://paperswithcode.com/paper/distance-aware-molecule-graph-attention"," PaddlePaddle/PaddleHelix •  • 17 Dec 2020","The hierarchical attentive aggregation can capture spatial dependencies among atoms, as well as fuse the position-enhanced information with the capability of discriminating multiple spatial relations among atoms.","Drug Discovery|Graph Attention","https://github.com/PaddlePaddle/PaddleHelix/tree/dev/apps/drug_target_interaction/sman"," 962"
"Automated Design of Agentic Systems","https://paperswithcode.com/paper/automated-design-of-agentic-systems"," shengranhu/adas • 15 Aug 2024","Researchers are investing substantial effort in developing powerful general-purpose agents, wherein Foundation Models are used as modules within agentic systems (e. g. Chain-of-Thought, Self-Reflection, Toolformer).","","https://github.com/shengranhu/adas"," 778"
"Autonomous LLM-driven research from data to human-verifiable research papers","https://paperswithcode.com/paper/autonomous-llm-driven-research-from-data-to"," technion-kishony-lab/data-to-paper • 24 Apr 2024","As AI promises to accelerate scientific discovery, it remains unclear whether fully AI-driven research is possible and whether it can adhere to key scientific values, such as transparency, traceability and verifiability.","scientific discovery","https://github.com/technion-kishony-lab/data-to-paper"," 433"
"Highly accurate protein structure prediction with AlphaFold","https://paperswithcode.com/paper/highly-accurate-protein-structure-prediction"," PaddlePaddle/PaddleHelix •  • Nature 2021","Accurate computational approaches are needed to address this gap and to enable large-scale structural bioinformatics.","Protein Folding|Protein Structure Prediction","https://github.com/PaddlePaddle/PaddleHelix/tree/dev/apps/protein_folding/helixfold"," 962"
"SAM2Point: Segment Any 3D as Videos in Zero-shot and Promptable Manners","https://paperswithcode.com/paper/sam2point-segment-any-3d-as-videos-in-zero"," ziyuguo99/sam2point •  • 29 Aug 2024","We introduce SAM2Point, a preliminary exploration adapting Segment Anything Model 2 (SAM 2) for zero-shot and promptable 3D segmentation.","Segmentation","https://github.com/ziyuguo99/sam2point"," 180"
"LMSYS-Chat-1M: A Large-Scale Real-World LLM Conversation Dataset","https://paperswithcode.com/paper/lmsys-chat-1m-a-large-scale-real-world-llm"," efeslab/Nanoflow •  • 21 Sep 2023","Studying how people interact with large language models (LLMs) in real-world scenarios is increasingly important due to their widespread use in various applications.","Chatbot|Diversity","https://github.com/efeslab/Nanoflow"," 405"
"FunAudioLLM: Voice Understanding and Generation Foundation Models for Natural Interaction Between Humans and LLMs","https://paperswithcode.com/paper/funaudiollm-voice-understanding-and"," funaudiollm/cosyvoice •  • 4 Jul 2024","This report introduces FunAudioLLM, a model family designed to enhance natural voice interactions between humans and large language models (LLMs).","Emotion Recognition|Event Detection","https://github.com/funaudiollm/cosyvoice"," 4,563"
"SSL4EO-L: Datasets and Foundation Models for Landsat Imagery","https://paperswithcode.com/paper/ssl4eo-l-datasets-and-foundation-models-for-1"," microsoft/torchgeo •  • NeurIPS 2023","The Landsat program is the longest-running Earth observation program in history, with 50+ years of data acquisition by 8 satellites.","Cloud Detection|Earth Observation","https://github.com/microsoft/torchgeo"," 2,563"
"ClimaX: A foundation model for weather and climate","https://paperswithcode.com/paper/climax-a-foundation-model-for-weather-and"," microsoft/ClimaX •  • 24 Jan 2023","We develop and demonstrate ClimaX, a flexible and generalizable deep learning model for weather and climate science that can be trained using heterogeneous datasets spanning different variables, spatio-temporal coverage, and physical groundings.","Self-Supervised Learning|Weather Forecasting","https://github.com/microsoft/ClimaX"," 610"
"Codec Does Matter: Exploring the Semantic Shortcoming of Codec for Audio Language Model","https://paperswithcode.com/paper/codec-does-matter-exploring-the-semantic"," zhenye234/xcodec •  • 30 Aug 2024","By enhancing the semantic ability of the codec, X-Codec significantly reduces WER in speech synthesis tasks and extends these benefits to non-speech applications, including music and sound generation.","Audio Compression|Audio Generation","https://github.com/zhenye234/xcodec"," 61"
"LongWriter: Unleashing 10,000+ Word Generation from Long Context LLMs","https://paperswithcode.com/paper/longwriter-unleashing-10000-word-generation"," thudm/longwriter •  • 13 Aug 2024","By incorporating this dataset into model training, we successfully scale the output length of existing models to over 10, 000 words while maintaining output quality.","","https://github.com/thudm/longwriter"," 970"
"Law of Vision Representation in MLLMs","https://paperswithcode.com/paper/law-of-vision-representation-in-mllms"," bronyayang/law_of_vision_representation_in_mllms •  • 29 Aug 2024","We present the "Law of Vision Representation" in multimodal large language models (MLLMs).","cross-modal alignment|Language Modelling","https://github.com/bronyayang/law_of_vision_representation_in_mllms"," 82"
"Bilateral Reference for High-Resolution Dichotomous Image Segmentation","https://paperswithcode.com/paper/bilateral-reference-for-high-resolution"," zhengpeng7/birefnet •  • 7 Jan 2024","It comprises two essential components: the localization module (LM) and the reconstruction module (RM) with our proposed bilateral reference (BiRef).","Camouflaged Object Segmentation|Dichotomous Image Segmentation","https://github.com/zhengpeng7/birefnet"," 931"
"MiniCPM: Unveiling the Potential of Small Language Models with Scalable Training Strategies","https://paperswithcode.com/paper/minicpm-unveiling-the-potential-of-small"," openbmb/minicpm •  • 9 Apr 2024","For data scaling, we introduce a Warmup-Stable-Decay (WSD) learning rate scheduler (LRS), conducive to continuous training and domain adaptation.","Domain Adaptation","https://github.com/openbmb/minicpm"," 5,397"
"AnyGraph: Graph Foundation Model in the Wild","https://paperswithcode.com/paper/anygraph-graph-foundation-model-in-the-wild"," hkuds/anygraph •  • 20 Aug 2024","Furthermore, we have validated the model's fast adaptation ability and scaling law emergence, showcasing its versatility.","Graph Learning|Zero-Shot Learning","https://github.com/hkuds/anygraph"," 84"
"LinFusion: 1 GPU, 1 Minute, 16K Image","https://paperswithcode.com/paper/linfusion-1-gpu-1-minute-16k-image"," huage001/linfusion •  • 3 Sep 2024","We find that the distilled model, termed LinFusion, achieves performance on par with or superior to the original SD after only modest training, while significantly reducing time and memory complexity.","16k|Causal Inference","https://github.com/huage001/linfusion"," 109"
"Cradle: Empowering Foundation Agents Towards General Computer Control","https://paperswithcode.com/paper/towards-general-computer-control-a-multimodal"," baai-agents/cradle •  • 5 Mar 2024","To handle this issue, we propose the General Computer Control (GCC) setting to restrict foundation agents to interact with software through the most unified and standardized interface, i. e., using screenshots as input and keyboard and mouse actions as output.","Efficient Exploration","https://github.com/baai-agents/cradle"," 1,680"
"CogVideoX: Text-to-Video Diffusion Models with An Expert Transformer","https://paperswithcode.com/paper/cogvideox-text-to-video-diffusion-models-with"," thudm/cogvideo •  • 12 Aug 2024","To improve the text-video alignment, we propose an expert transformer with the expert adaptive LayerNorm to facilitate the deep fusion between the two modalities.","Text-to-Video Generation|Video Alignment","https://github.com/thudm/cogvideo"," 6,955"
"SGLang: Efficient Execution of Structured Language Model Programs","https://paperswithcode.com/paper/efficiently-programming-large-language-models"," sgl-project/sglang •  • 12 Dec 2023","SGLang consists of a frontend language and a runtime.","Few-Shot Learning|Language Modelling","https://github.com/sgl-project/sglang"," 4,966"
"MemLong: Memory-Augmented Retrieval for Long Text Modeling","https://paperswithcode.com/paper/memlong-memory-augmented-retrieval-for-long"," bui1dmysea/memlong •  • 30 Aug 2024","This work introduces MemLong: Memory-Augmented Retrieval for Long Text Generation, a method designed to enhance the capabilities of long-context language modeling by utilizing an external retriever for historical information retrieval.","4k|Decoder","https://github.com/bui1dmysea/memlong"," 40"
"Show-o: One Single Transformer to Unify Multimodal Understanding and Generation","https://paperswithcode.com/paper/show-o-one-single-transformer-to-unify"," showlab/show-o •  • 22 Aug 2024","We present a unified transformer, i. e., Show-o, that unifies multimodal understanding and generation.","Question Answering|Text-to-Image Generation","https://github.com/showlab/show-o"," 720"
"FAST-LIVO2: Fast, Direct LiDAR-Inertial-Visual Odometry","https://paperswithcode.com/paper/fast-livo2-fast-direct-lidar-inertial-visual"," hku-mars/fast-livo2 • 26 Aug 2024","The fusion of both visual and LiDAR measurements is based on a single unified voxel map where the LiDAR module constructs the geometric structure for registering new LiDAR scans and the visual module attaches image patches to the LiDAR points.","Visual Odometry","https://github.com/hku-mars/fast-livo2"," 628"
"OxfordVGG Submission to the EGO4D AV Transcription Challenge","https://paperswithcode.com/paper/oxfordvgg-submission-to-the-ego4d-av"," m-bain/whisperx •  • 18 Jul 2023","This report presents the technical details of our submission on the EGO4D Audio-Visual (AV) Automatic Speech Recognition Challenge 2023 from the OxfordVGG team.","Automatic Speech Recognition|speech-recognition","https://github.com/m-bain/whisperx"," 11,286"
"Open-Set Biometrics: Beyond Good Closed-Set Models","https://paperswithcode.com/paper/open-set-biometrics-beyond-good-closed-set"," Recognito-Vision/Linux-FaceRecognition-FaceLivenessDetection • 23 Jul 2024","Biometric recognition has primarily addressed closed-set identification, assuming all probe subjects are in the gallery.","Face Recognition|Gait Recognition","https://github.com/Recognito-Vision/Linux-FaceRecognition-FaceLivenessDetection"," 759"
"Artificial Immune System of Secure Face Recognition Against Adversarial Attacks","https://paperswithcode.com/paper/artificial-immune-system-of-secure-face"," Recognito-Vision/Face-SDK-Linux-Demos • 26 Jun 2024","Insect production for food and feed presents a promising supplement to ensure food safety and address the adverse impacts of agriculture on climate and environment in the future.","Diversity|Face Recognition","https://github.com/Recognito-Vision/Face-SDK-Linux-Demos"," 759"
"Explainable Person Re-Identification with Attribute-guided Metric Distillation","https://paperswithcode.com/paper/attrimeter-an-attribute-guided-metric"," SheldongChen/AMD.github.io •  • ICCV 2021","In this paper, we propose a post-hoc method, named Attribute-guided Metric Distillation (AMD), to explain existing ReID models.","Attribute|Person Re-Identification","https://github.com/SheldongChen/AMD.github.io"," 117"
"DriveArena: A Closed-loop Generative Simulation Platform for Autonomous Driving","https://paperswithcode.com/paper/drivearena-a-closed-loop-generative"," PJLab-ADG/DriveArena •  • 1 Aug 2024","This paper presented DriveArena, the first high-fidelity closed-loop simulation system designed for driving agents navigating in real scenarios.","","https://github.com/PJLab-ADG/DriveArena"," 153"
"StyleTokenizer: Defining Image Style by a Single Instance for Controlling Diffusion Models","https://paperswithcode.com/paper/styletokenizer-defining-image-style-by-a"," alipay/style-tokenizer •  • 4 Sep 2024","To tackle these challenges, we introduce StyleTokenizer, a zero-shot style control image generation method that aligns style representation with text representation using a style tokenizer.","Denoising|Text-to-Image Generation","https://github.com/alipay/style-tokenizer"," 21"
"Beyond Alignment: Blind Video Face Restoration via Parsing-Guided Temporal-Coherent Transformer","https://paperswithcode.com/paper/beyond-alignment-blind-video-face-restoration"," kepengxu/pgtformer •  • 21 Apr 2024","Multiple complex degradations are coupled in low-quality video faces in the real world.","Face Parsing|Semantic Parsing","https://github.com/kepengxu/pgtformer"," 157"
"LongRecipe: Recipe for Efficient Long Context Generalization in Large Language Models","https://paperswithcode.com/paper/longrecipe-recipe-for-efficient-long-context"," zhiyuanhubj/LongRecipe •  • 31 Aug 2024","Large language models (LLMs) face significant challenges in handling long-context tasks because of their limited effective context window size during pretraining, which restricts their ability to generalize over extended sequences.","8k","https://github.com/zhiyuanhubj/LongRecipe"," 35"
"SWIFT:A Scalable lightWeight Infrastructure for Fine-Tuning","https://paperswithcode.com/paper/swift-a-scalable-lightweight-infrastructure"," modelscope/swift •  • 10 Aug 2024","With support of over 
300
+
 LLMs and 
50
+
 MLLMs, SWIFT stands as the open-source framework that provide the most comprehensive support for fine-tuning large models.","Hallucination|Optical Character Recognition","https://github.com/modelscope/swift"," 3,288"
"Champ: Controllable and Consistent Human Image Animation with 3D Parametric Guidance","https://paperswithcode.com/paper/champ-controllable-and-consistent-human-image"," fudan-generative-vision/champ •  • 21 Mar 2024","In this study, we introduce a methodology for human image animation by leveraging a 3D human parametric model within a latent diffusion framework to enhance shape alignment and motion guidance in curernt human generative techniques.","Animated GIF Generation|Image Animation","https://github.com/fudan-generative-vision/champ"," 3,750"
"The AI Scientist: Towards Fully Automated Open-Ended Scientific Discovery","https://paperswithcode.com/paper/the-ai-scientist-towards-fully-automated-open"," sakanaai/ai-scientist •  • 12 Aug 2024","This approach signifies the beginning of a new era in scientific discovery in machine learning: bringing the transformative benefits of AI agents to the entire research process of AI itself, and taking us closer to a world where endless affordable creativity and innovation can be unleashed on the world's most challenging problems.","Language Modelling|scientific discovery","https://github.com/sakanaai/ai-scientist"," 7,213"
"MegActor-
Σ
: Unlocking Flexible Mixed-Modal Control in Portrait Animation with Diffusion Transformer","https://paperswithcode.com/paper/megactor-s-unlocking-flexible-mixed-modal"," megvii-research/megactor •  • 27 Aug 2024","To address this issue, we introduce MegActor-
Σ
: a mixed-modal conditional diffusion transformer (DiT), which can flexibly inject audio and visual modality control signals into portrait animation.","Portrait Animation","https://github.com/megvii-research/megactor"," 718"
"FancyVideo: Towards Dynamic and Consistent Video Generation via Cross-frame Textual Guidance","https://paperswithcode.com/paper/fancyvideo-towards-dynamic-and-consistent"," 360CVGroup/FancyVideo •  • 15 Aug 2024","Then, TAR refines the correlation matrix between cross-frame textual conditions and latent features along the time dimension.","TAR|Video Generation","https://github.com/360CVGroup/FancyVideo"," 391"
"LLaVA-NeXT-Interleave: Tackling Multi-image, Video, and 3D in Large Multimodal Models","https://paperswithcode.com/paper/llava-next-interleave-tackling-multi-image"," LLaVA-VL/LLaVA-NeXT •  • 10 Jul 2024","To this end, we introduce LLaVA-NeXT-Interleave, which simultaneously tackles Multi-image, Multi-frame (video), Multi-view (3D), and Multi-patch (single-image) scenarios in LMMs.","Zero-Shot Video Question Answer","https://github.com/LLaVA-VL/LLaVA-NeXT"," 2,306"
"LAR-IQA: A Lightweight, Accurate, and Robust No-Reference Image Quality Assessment Model","https://paperswithcode.com/paper/lar-iqa-a-lightweight-accurate-and-robust-no"," nasimjamshidi/lar-iqa •  • 30 Aug 2024","Recent advancements in the field of No-Reference Image Quality Assessment (NR-IQA) using deep learning techniques demonstrate high performance across multiple open-source datasets.","Kolmogorov-Arnold Networks","https://github.com/nasimjamshidi/lar-iqa"," 23"
"Cephalo: Multi-Modal Vision-Language Models for Bio-Inspired Materials Analysis and Design","https://paperswithcode.com/paper/cephalo-multi-modal-vision-language-models"," ericlbuehler/mistral.rs • 29 May 2024","We present Cephalo, a series of multimodal vision large language models (V-LLMs) designed for materials science applications, integrating visual and linguistic data for enhanced understanding.","Natural Language Understanding|Text to 3D","https://github.com/ericlbuehler/mistral.rs"," 3,369"
"AWQ: Activation-aware Weight Quantization for LLM Compression and Acceleration","https://paperswithcode.com/paper/awq-activation-aware-weight-quantization-for"," internlm/lmdeploy •  • 1 Jun 2023","We propose Activation-aware Weight Quantization (AWQ), a hardware-friendly approach for LLM low-bit weight-only quantization.","Autonomous Driving|Cloud Computing","https://github.com/internlm/lmdeploy"," 4,114"
"HiPrompt: Tuning-free Higher-Resolution Generation with Hierarchical MLLM Prompts","https://paperswithcode.com/paper/hiprompt-tuning-free-higher-resolution"," Liuxinyv/HiPrompt • 4 Sep 2024","The hierarchical prompts offer both global and local guidance.","4k|Denoising","https://github.com/Liuxinyv/HiPrompt"," 12"
"RAGChecker: A Fine-grained Framework for Diagnosing Retrieval-Augmented Generation","https://paperswithcode.com/paper/ragchecker-a-fine-grained-framework-for"," amazon-science/ragchecker • 15 Aug 2024","Despite Retrieval-Augmented Generation (RAG) showing promising capability in leveraging external knowledge, a comprehensive evaluation of RAG systems is still challenging due to the modular nature of RAG, evaluation of long-form responses and reliability of measurements.","RAG|Retrieval","https://github.com/amazon-science/ragchecker"," 356"
"MindSearch: Mimicking Human Minds Elicits Deep AI Searcher","https://paperswithcode.com/paper/mindsearch-mimicking-human-minds-elicits-deep"," internlm/mindsearch • 29 Jul 2024","Inspired by the cognitive process when humans solve these problems, we introduce MindSearch to mimic the human minds in web information seeking and integration, which can be instantiated by a simple yet effective LLM-based multi-agent framework.","2D Semantic Segmentation task 1 (8 classes)|graph construction","https://github.com/internlm/mindsearch"," 4,470"
"AnyDesign: Versatile Area Fashion Editing via Mask-Free Diffusion","https://paperswithcode.com/paper/anydesign-versatile-area-fashion-editing-via"," nyf8/anydesign • 21 Aug 2024","Moreover, these methods are limited in the variety of clothing types they can handle, as most datasets focus on people in clean backgrounds and only include generic garments such as tops, pants, and dresses.","","https://github.com/nyf8/anydesign"," 45"
"Self-supervised Anomaly Detection Pretraining Enhances Long-tail ECG Diagnosis","https://paperswithcode.com/paper/self-supervised-anomaly-detection-pretraining"," mediabrain-sjtu/ecgad •  • 30 Aug 2024","Current computer-aided ECG diagnostic systems struggle with the underdetection of rare but critical cardiac anomalies due to the imbalanced nature of ECG datasets.","Self-Supervised Anomaly Detection|Specificity","https://github.com/mediabrain-sjtu/ecgad"," 37"
"The Mamba in the Llama: Distilling and Accelerating Hybrid Models","https://paperswithcode.com/paper/the-mamba-in-the-llama-distilling-and"," jxiw/mambainllama •  • 27 Aug 2024","Linear RNN architectures, like Mamba, can be competitive with Transformer models in language modeling while having advantageous deployment characteristics.","Language Modelling","https://github.com/jxiw/mambainllama"," 110"
"Accel-GCN: High-Performance GPU Accelerator Design for Graph Convolution Networks","https://paperswithcode.com/paper/accel-gcn-high-performance-gpu-accelerator"," xiexi1990/iccad-accel-gnn • 22 Aug 2023","Utilizing these principles, we formulated a kernel for sparse matrix multiplication (SpMM) in GCNs that employs block-level partitioning and combined warp strategy.","Computational Efficiency","https://github.com/xiexi1990/iccad-accel-gnn"," 67"
"Weakly-supervised 3D Pose Transfer with Keypoints","https://paperswithcode.com/paper/weakly-supervised-3d-pose-transfer-with"," jinnan-chen/3d-pose-transfer •  • ICCV 2023","The main challenges of 3D pose transfer are: 1) Lack of paired training data with different characters performing the same pose; 2) Disentangling pose and shape information from the target mesh; 3) Difficulty in applying to meshes with different topologies.","Pose Transfer","https://github.com/jinnan-chen/3d-pose-transfer"," 56"
"Decoder Pre-Training with only Text for Scene Text Recognition","https://paperswithcode.com/paper/decoder-pre-training-with-only-text-for-scene"," topdu/openocr •  • 11 Aug 2024","Extensive experiments across various STR decoders and language recognition tasks underscore the broad applicability and remarkable performance of DPTR, providing a novel insight for STR pre-training.","Decoder|Scene Text Recognition","https://github.com/topdu/openocr"," 125"
"Very Large-Scale Multi-Agent Simulation in AgentScope","https://paperswithcode.com/paper/very-large-scale-multi-agent-simulation-in"," modelscope/agentscope • 25 Jul 2024","Recent advances in large language models (LLMs) have opened new avenues for applying multi-agent systems in very large-scale simulations.","","https://github.com/modelscope/agentscope"," 4,728"
"Autoregressive Image Generation without Vector Quantization","https://paperswithcode.com/paper/autoregressive-image-generation-without"," lth14/mar •  • 17 Jun 2024","In this work, we propose to model the per-token probability distribution using a diffusion procedure, which allows us to apply autoregressive models in a continuous-valued space.","Image Generation|Quantization","https://github.com/lth14/mar"," 712"
"Labeling supervised fine-tuning data with the scaling law","https://paperswithcode.com/paper/huixiangdou-cr-coreference-resolution-in"," internlm/huixiangdou • 5 May 2024","Our contributions are: 1) Created Supervised Fine-Tuning (SFT) training data in alpaca format, along with a set of Low-Rank Adaptation (LoRA) weights, and 2) Developed a method for acquiring high-quality data leveraging scaling law principle.","coreference-resolution|Language Modelling","https://github.com/internlm/huixiangdou"," 1,400"
"Bench2Drive: Towards Multi-Ability Benchmarking of Closed-Loop End-To-End Autonomous Driving","https://paperswithcode.com/paper/bench2drive-towards-multi-ability"," Thinklab-SJTU/Bench2Drive • 6 Jun 2024","In an era marked by the rapid scaling of foundation models, autonomous driving technologies are approaching a transformative threshold where end-to-end autonomous driving (E2E-AD) emerges due to its potential of scaling up in the data-driven manner.","Autonomous Driving|Benchmarking","https://github.com/Thinklab-SJTU/Bench2Drive"," 1,043"
"CatVTON: Concatenation Is All You Need for Virtual Try-On with Diffusion Models","https://paperswithcode.com/paper/catvton-concatenation-is-all-you-need-for"," zheng-chong/catvton •  • 21 Jul 2024","Virtual try-on methods based on diffusion models achieve realistic try-on effects but often replicate the backbone network as a ReferenceNet or use additional image encoders to process condition inputs, leading to high training and inference costs.","Fashion Synthesis|Image Generation","https://github.com/zheng-chong/catvton"," 684"
"CogVLM2: Visual Language Models for Image and Video Understanding","https://paperswithcode.com/paper/cogvlm2-visual-language-models-for-image-and"," thudm/glm-4 •  • 29 Aug 2024","Beginning with VisualGLM and CogVLM, we are continuously exploring VLMs in pursuit of enhanced vision-language fusion, efficient higher-resolution architecture, and broader modalities and applications.","Video Understanding","https://github.com/thudm/glm-4"," 4,523"
"MaxK-GNN: Extremely Fast GPU Kernel Design for Accelerating Graph Neural Networks Training","https://paperswithcode.com/paper/maxk-gnn-towards-theoretical-speed-limits-for"," harveyp123/maxk-gnn •  • 14 Dec 2023","In this paper, we present MaxK-GNN, an advanced high-performance GPU training system integrating algorithm and system innovation.","","https://github.com/harveyp123/maxk-gnn"," 49"
"DepthFL: Depthwise Federated Learning for Heterogeneous Clients","https://paperswithcode.com/paper/depthfl-depthwise-federated-learning-for"," adap/flower •  • ICLR 2023","Federated learning is for training a global model without collecting private local data from clients.","Federated Learning","https://github.com/adap/flower"," 4,841"
"MAPF-GPT: Imitation Learning for Multi-Agent Pathfinding at Scale","https://paperswithcode.com/paper/mapf-gpt-imitation-learning-for-multi-agent"," Cognitive-AI-Systems/MAPF-GPT •  • 4 Sep 2024","The resulting MAPF-GPT model demonstrates zero-shot learning abilities when solving the MAPF problem instances that were not present in the training dataset.","Imitation Learning|Zero-Shot Learning","https://github.com/Cognitive-AI-Systems/MAPF-GPT"," 35"
"Follow-Your-Canvas: Higher-Resolution Video Outpainting with Extensive Content Generation","https://paperswithcode.com/paper/follow-your-canvas-higher-resolution-video"," mayuelala/followyourcanvas •  • 2 Sep 2024","Coupling with these two designs enables us to generate higher-resolution outpainting videos with rich content while keeping spatial and temporal consistency.","","https://github.com/mayuelala/followyourcanvas"," 53"
"IGEV++: Iterative Multi-range Geometry Encoding Volumes for Stereo Matching","https://paperswithcode.com/paper/igev-iterative-multi-range-geometry-encoding"," gangweix/igev-plusplus •  • 1 Sep 2024","To construct MGEV, we introduce an adaptive patch matching module that efficiently and effectively computes matching costs for large disparity ranges and/or ill-posed regions.","Patch Matching|Stereo Matching","https://github.com/gangweix/igev-plusplus"," 52"
"Follow Your Pose: Pose-Guided Text-to-Video Generation using Pose-Free Videos","https://paperswithcode.com/paper/follow-your-pose-pose-guided-text-to-video"," mayuelala/followyourcanvas •  • 3 Apr 2023","Generating text-editable and pose-controllable character videos have an imperious demand in creating various digital human.","Text-to-Image Generation|Text-to-Video Generation","https://github.com/mayuelala/followyourcanvas"," 53"
"From Local to Global: A Graph RAG Approach to Query-Focused Summarization","https://paperswithcode.com/paper/from-local-to-global-a-graph-rag-approach-to"," microsoft/graphrag • 24 Apr 2024","To combine the strengths of these contrasting methods, we propose a Graph RAG approach to question answering over private text corpora that scales with both the generality of user questions and the quantity of source text to be indexed.","Query-focused Summarization|Question Answering","https://github.com/microsoft/graphrag"," 16,843"
"ControlNeXt: Powerful and Efficient Control for Image and Video Generation","https://paperswithcode.com/paper/controlnext-powerful-and-efficient-control"," dvlab-research/controlnext •  • 12 Aug 2024","In this paper, we propose ControlNeXt: a powerful and efficient method for controllable image and video generation.","Video Generation","https://github.com/dvlab-research/controlnext"," 1,211"
"CoCoCo: Improving Text-Guided Video Inpainting for Better Consistency, Controllability and Compatibility","https://paperswithcode.com/paper/cococo-improving-text-guided-video-inpainting"," zibojia/COCOCO •  • 18 Mar 2024","To this end, this paper proposes a novel text-guided video inpainting model that achieves better consistency, controllability and compatibility.","Image Inpainting|Video Alignment","https://github.com/zibojia/COCOCO"," 122"
"CrisperWhisper: Accurate Timestamps on Verbatim Speech Transcriptions","https://paperswithcode.com/paper/crisperwhisper-accurate-timestamps-on"," nyrahealth/crisperwhisper •  • 29 Aug 2024","We demonstrate that carefully adjusting the tokenizer of the Whisper speech recognition model significantly improves the precision of word-level timestamps when applying dynamic time warping to the decoder's cross-attention scores.","Dynamic Time Warping|speech-recognition","https://github.com/nyrahealth/crisperwhisper"," 76"
"OMNI-EPIC: Open-endedness via Models of human Notions of Interestingness with Environments Programmed in Code","https://paperswithcode.com/paper/omni-epic-open-endedness-via-models-of-human"," maxencefaldor/omni-epic • 24 May 2024","Overall, OMNI-EPIC can endlessly create learnable and interesting environments, further propelling the development of self-improving AI systems and AI-Generating Algorithms.","","https://github.com/maxencefaldor/omni-epic"," 19"
"TaSL: Continual Dialog State Tracking via Task Skill Localization and Consolidation","https://paperswithcode.com/paper/tasl-continual-dialog-state-tracking-via-task"," WoodScene/TaSL •  • 19 Aug 2024","A practical dialogue system requires the capacity for ongoing skill acquisition and adaptability to new tasks while preserving prior knowledge.","dialog state tracking|Dialogue State Tracking","https://github.com/WoodScene/TaSL"," 42"
"AGD: an Auto-switchable Optimizer using Stepwise Gradient Difference for Preconditioning Matrix","https://paperswithcode.com/paper/agd-an-auto-switchable-optimizer-using-1"," intelligent-machine-learning/dlrover •  • NeurIPS 2023","Additionally, we introduce an auto-switching function that enables the preconditioning matrix to switch dynamically between Stochastic Gradient Descent (SGD) and the adaptive optimizer.","Recommendation Systems","https://github.com/intelligent-machine-learning/dlrover"," 1,192"
"FRAG: Frequency Adapting Group for Diffusion Video Editing","https://paperswithcode.com/paper/frag-frequency-adapting-group-for-diffusion"," dbstjswo505/FRAG •  • 10 Jun 2024","In video editing, the hallmark of a quality edit lies in its consistent and unobtrusive adjustment.","Denoising|Video Editing","https://github.com/dbstjswo505/FRAG"," 17"
"OctFusion: Octree-based Diffusion Models for 3D Shape Generation","https://paperswithcode.com/paper/octfusion-octree-based-diffusion-models-for"," octree-nn/octfusion •  • 27 Aug 2024","Diffusion models have emerged as a popular method for 3D generation.","3D Generation|3D Shape Generation","https://github.com/octree-nn/octfusion"," 118"
"GarmentCodeData: A Dataset of 3D Made-to-Measure Garments With Sewing Patterns","https://paperswithcode.com/paper/garmentcodedata-a-dataset-of-3d-made-to"," maria-korosteleva/garmentcode • 27 May 2024","Recent research interest in the learning-based processing of garments, from virtual fitting to generation and reconstruction, stumbles on a scarcity of high-quality public data in the domain.","","https://github.com/maria-korosteleva/garmentcode"," 119"
"Perceive, Reflect, and Plan: Designing LLM Agent for Goal-Directed City Navigation without Instructions","https://paperswithcode.com/paper/perceive-reflect-and-plan-designing-llm-agent"," hiyouga/llama-factory •  • 8 Aug 2024","In the absence of navigation instructions, such abilities are vital for the agent to make high-quality decisions in long-range city navigation.","AI Agent|Navigate","https://github.com/hiyouga/llama-factory"," 30,334"
"Aligning Cyber Space with Physical World: A Comprehensive Survey on Embodied AI","https://paperswithcode.com/paper/aligning-cyber-space-with-physical-world-a"," hcplab-sysu/embodied_ai_paper_list • 9 Jul 2024","In this survey, we give a comprehensive exploration of the latest advancements in Embodied AI.","","https://github.com/hcplab-sysu/embodied_ai_paper_list"," 442"
"DeepSeek-Coder-V2: Breaking the Barrier of Closed-Source Models in Code Intelligence","https://paperswithcode.com/paper/deepseek-coder-v2-breaking-the-barrier-of"," deepseek-ai/deepseek-coder-v2 •  • 17 Jun 2024","Through this continued pre-training, DeepSeek-Coder-V2 substantially enhances the coding and mathematical reasoning capabilities of DeepSeek-V2, while maintaining comparable performance in general language tasks.","16k|Language Modelling","https://github.com/deepseek-ai/deepseek-coder-v2"," 1,864"
"Large Language Models for Cyber Security: A Systematic Literature Review","https://paperswithcode.com/paper/large-language-models-for-cyber-security-a"," hiyouga/llama-efficient-tuning •  • 8 May 2024","Overall, our survey provides a comprehensive overview of the current state-of-the-art in LLM4Security and identifies several promising directions for future research.","Explainable Models|Malware Analysis","https://github.com/hiyouga/llama-efficient-tuning"," 30,338"
"Mathematical Supplement for the 
gsplat
 Library","https://paperswithcode.com/paper/mathematical-supplement-for-the-texttt-gsplat"," nerfstudio-project/gsplat •  • 4 Dec 2023","This report provides the mathematical details of the gsplat library, a modular toolbox for efficient differentiable Gaussian splatting, as proposed by Kerbl et al.","","https://github.com/nerfstudio-project/gsplat"," 1,656"
"Radiative Gaussian Splatting for Efficient X-ray Novel View Synthesis","https://paperswithcode.com/paper/radiative-gaussian-splatting-for-efficient-x"," caiyuanhao1998/x-gaussian •  • 7 Mar 2024","X-ray is widely applied for transmission imaging due to its stronger penetration than natural light.","CT Reconstruction|Novel View Synthesis","https://github.com/caiyuanhao1998/x-gaussian"," 110"
"A Lightweight Instrument-Agnostic Model for Polyphonic Note Transcription and Multipitch Estimation","https://paperswithcode.com/paper/a-lightweight-instrument-agnostic-model-for"," spotify/basic-pitch •  • 18 Mar 2022","Despite its simplicity, benchmark results show our system's note estimation to be substantially better than a comparable baseline, and its frame-level accuracy to be only marginally below those of specialized state-of-the-art AMT systems.","Music Transcription","https://github.com/spotify/basic-pitch"," 3,328"
"Improving Automatic Parallel Training via Balanced Memory Workload Optimization","https://paperswithcode.com/paper/improving-automatic-parallel-training-via"," pku-dair/hetu-galvatron •  • 5 Jul 2023","Transformer models have emerged as the leading approach for achieving state-of-the-art performance across various application domains, serving as the foundation for advanced large-scale deep learning (DL) models.","Navigate","https://github.com/pku-dair/hetu-galvatron"," 27"
"Qwen2-Audio Technical Report","https://paperswithcode.com/paper/qwen2-audio-technical-report"," qwenlm/qwen2-audio •  • 15 Jul 2024","We introduce the latest progress of Qwen-Audio, a large-scale audio-language model called Qwen2-Audio, which is capable of accepting various audio signal inputs and performing audio analysis or direct textual responses with regard to speech instructions.","Instruction Following|Language Modelling","https://github.com/qwenlm/qwen2-audio"," 1,013"
"LivePortrait: Efficient Portrait Animation with Stitching and Retargeting Control","https://paperswithcode.com/paper/liveportrait-efficient-portrait-animation"," KwaiVGI/LivePortrait •  • 3 Jul 2024","Instead of following mainstream diffusion-based methods, we explore and extend the potential of the implicit-keypoint-based framework, which effectively balances computational efficiency and controllability.","Computational Efficiency|Face Reenactment","https://github.com/KwaiVGI/LivePortrait"," 11,469"
"EasySpider: A No-Code Visual System for Crawling the Web","https://paperswithcode.com/paper/easyspider-a-no-code-visual-system-for"," NaiboWang/EasySpider • ACM The Web Conference 2023","As such, web-crawling is an essential tool for both computational and non-computational scientists to conduct research.","Data Integration|Marketing","https://github.com/NaiboWang/EasySpider"," 33,795"
"Training-Free Activation Sparsity in Large Language Models","https://paperswithcode.com/paper/training-free-activation-sparsity-in-large"," fasterdecoding/teal •  • 26 Aug 2024","Activation sparsity can enable practical inference speedups in large language models (LLMs) by reducing the compute and memory-movement required for matrix multiplications during the forward pass.","Quantization","https://github.com/fasterdecoding/teal"," 64"
"RAGLAB: A Modular and Research-Oriented Unified Framework for Retrieval-Augmented Generation","https://paperswithcode.com/paper/raglab-a-modular-and-research-oriented"," fate-ubw/raglab •  • 21 Aug 2024","Leveraging RAGLAB, we conduct a fair comparison of 6 RAG algorithms across 10 benchmarks.","RAG|Retrieval","https://github.com/fate-ubw/raglab"," 169"
"LOTUS: Enabling Semantic Queries with LLMs Over Tables of Unstructured and Structured Data","https://paperswithcode.com/paper/lotus-enabling-semantic-queries-with-llms"," stanford-futuredata/lotus • 16 Jul 2024","We introduce semantic operators, a declarative programming interface that extends the relational model with composable AI-based operations for semantic queries over datasets (e. g., sorting or aggregating records using natural language criteria).","Extreme Multi-Label Classification|Fact Checking","https://github.com/stanford-futuredata/lotus"," 129"
"Qwen2 Technical Report","https://paperswithcode.com/paper/qwen2-technical-report"," qwenlm/qwen1.5 •  • 15 Jul 2024","This report introduces the Qwen2 series, the latest addition to our large language models and large multimodal models.","GSM8K|Language Modelling","https://github.com/qwenlm/qwen1.5"," 7,297"
"Samba: Simple Hybrid State Space Models for Efficient Unlimited Context Language Modeling","https://paperswithcode.com/paper/samba-simple-hybrid-state-space-models-for"," sustcsonglin/flash-linear-attention •  • 11 Jun 2024","When trained on 4K length sequences, Samba can be efficiently extrapolated to 256K context length with perfect memory recall and show improved token predictions up to 1M context length.","4k|Language Modelling","https://github.com/sustcsonglin/flash-linear-attention"," 1,152"
"An Image is Worth 16x16 Words: Transformers for Image Recognition at Scale","https://paperswithcode.com/paper/an-image-is-worth-16x16-words-transformers-1"," lukas-blecher/LaTeX-OCR •  • ICLR 2021","While the Transformer architecture has become the de-facto standard for natural language processing tasks, its applications to computer vision remain limited.","Classification|Document Image Classification","https://github.com/lukas-blecher/LaTeX-OCR"," 11,942"
"Beyond the Contact: Discovering Comprehensive Affordance for 3D Objects from Pre-trained 2D Diffusion Models","https://paperswithcode.com/paper/zero-shot-learning-for-the-primitives-of-3d"," snuvclab/coma •  • 23 Jan 2024","To construct the distribution, we present a novel pipeline that synthesizes diverse and realistic 3D HOI samples given any 3D object mesh.","Human-Object Interaction Detection|Object","https://github.com/snuvclab/coma"," 36"
"Graph Language Models","https://paperswithcode.com/paper/graph-language-models"," heidelberg-nlp/graphlanguagemodels •  • 13 Jan 2024","In our work we introduce a novel LM type, the Graph Language Model (GLM), that integrates the strengths of both approaches and mitigates their weaknesses.","Knowledge Graphs|Language Modelling","https://github.com/heidelberg-nlp/graphlanguagemodels"," 27"
"Efficient Heterogeneous Graph Learning via Random Projection","https://paperswithcode.com/paper/efficient-heterogeneous-graph-learning-via"," CrawlScript/RpHGNN •  • 23 Oct 2023","To achieve low information loss, we introduce a Relation-wise Neighbor Collection component with an Even-odd Propagation Scheme, which aims to collect information from neighbors in a finer-grained way.","Graph Learning|Graph Neural Network","https://github.com/CrawlScript/RpHGNN"," 83"
"Docling Technical Report","https://paperswithcode.com/paper/docling-technical-report"," DS4SD/docling •  • 19 Aug 2024","This technical report introduces Docling, an easy to use, self-contained, MIT-licensed open-source package for PDF document conversion.","","https://github.com/DS4SD/docling"," 169"
"Efficient Memory Management for Large Language Model Serving with PagedAttention","https://paperswithcode.com/paper/2309-06180"," vllm-project/vllm •  • 12 Sep 2023","On top of it, we build vLLM, an LLM serving system that achieves (1) near-zero waste in KV cache memory and (2) flexible sharing of KV cache within and across requests to further reduce memory usage.","Language Modelling|Large Language Model","https://github.com/vllm-project/vllm"," 26,101"
"Data-Juicer Sandbox: A Comprehensive Suite for Multimodal Data-Model Co-development","https://paperswithcode.com/paper/data-juicer-sandbox-a-comprehensive-suite-for"," modelscope/data-juicer • 16 Jul 2024","The emergence of large-scale multi-modal generative models has drastically advanced artificial intelligence, introducing unprecedented levels of performance and functionality.","Diversity","https://github.com/modelscope/data-juicer"," 2,485"
"OLMo: Accelerating the Science of Language Models","https://paperswithcode.com/paper/olmo-accelerating-the-science-of-language"," allenai/olmo •  • 1 Feb 2024","Given the importance of these details in scientifically studying these models, including their biases and potential risks, we believe it is essential for the research community to have access to powerful, truly open LMs.","Language Modelling","https://github.com/allenai/olmo"," 4,374"
"Improving Diffusion Models for Authentic Virtual Try-on in the Wild","https://paperswithcode.com/paper/improving-diffusion-models-for-virtual-try-on"," yisol/IDM-VTON •  • 8 Mar 2024","Finally, we present a customization method using a pair of person-garment images, which significantly improves fidelity and authenticity.","Virtual Try-on","https://github.com/yisol/IDM-VTON"," 3,571"
"Scaling Diffusion Transformers to 16 Billion Parameters","https://paperswithcode.com/paper/scaling-diffusion-transformers-to-16-billion"," feizc/dit-moe •  • 16 Jul 2024","In this paper, we present DiT-MoE, a sparse version of the diffusion Transformer, that is scalable and competitive with dense networks while exhibiting highly optimized inference.","Attribute|Conditional Image Generation","https://github.com/feizc/dit-moe"," 172"
"EasyAnimate: A High-Performance Long Video Generation Method based on Transformer Architecture","https://paperswithcode.com/paper/easyanimate-a-high-performance-long-video"," aigc-apps/easyanimate •  • 29 May 2024","The motion module can be adapted to various DiT baseline methods to generate video with different styles.","Image Generation|Video Generation","https://github.com/aigc-apps/easyanimate"," 1,138"
"Mixture-of-Subspaces in Low-Rank Adaptation","https://paperswithcode.com/paper/mixture-of-subspaces-in-low-rank-adaptation"," wutaiqiang/moslora •  • 16 Jun 2024","In this paper, we introduce a subspace-inspired Low-Rank Adaptation (LoRA) method, which is computationally efficient, easy to implement, and readily applicable to large language, multimodal, and diffusion models.","Common Sense Reasoning|Question Answering","https://github.com/wutaiqiang/moslora"," 42"
"MiniCPM-V: A GPT-4V Level MLLM on Your Phone","https://paperswithcode.com/paper/2408-01800"," openbmb/minicpm-v •  • 3 Aug 2024","The recent surge of Multimodal Large Language Models (MLLMs) has fundamentally reshaped the landscape of AI research and industry, shedding light on a promising path toward the next AI milestone.","Hallucination|Optical Character Recognition (OCR)","https://github.com/openbmb/minicpm-v"," 11,648"
"Retrieval-Augmented Generation for AI-Generated Content: A Survey","https://paperswithcode.com/paper/retrieval-augmented-generation-for-ai"," hymie122/rag-survey • 29 Feb 2024","We first classify RAG foundations according to how the retriever augments the generator, distilling the fundamental abstractions of the augmentation methodologies for various retrievers and generators.","Information Retrieval|multimodal generation","https://github.com/hymie122/rag-survey"," 1,081"
"Medical Graph RAG: Towards Safe Medical Large Language Model via Graph Retrieval-Augmented Generation","https://paperswithcode.com/paper/medical-graph-rag-towards-safe-medical-large"," medicinetoken/medical-graph-rag • 8 Aug 2024","Our approach is validated through a comprehensive ablation study comparing various methods for document chunking, graph construction, and information retrieval.","Chunking|graph construction","https://github.com/medicinetoken/medical-graph-rag"," 111"
"TFB: Towards Comprehensive and Fair Benchmarking of Time Series Forecasting Methods","https://paperswithcode.com/paper/tfb-towards-comprehensive-and-fair"," decisionintelligence/tfb •  • 29 Mar 2024","Next, we employ TFB to perform a thorough evaluation of 21 Univariate Time Series Forecasting (UTSF) methods on 8, 068 univariate time series and 14 Multivariate Time Series Forecasting (MTSF) methods on 25 datasets.","Benchmarking|Multivariate Time Series Forecasting","https://github.com/decisionintelligence/tfb"," 266"
"GaussianOcc: Fully Self-supervised and Efficient 3D Occupancy Estimation with Gaussian Splatting","https://paperswithcode.com/paper/gaussianocc-fully-self-supervised-and"," ganwanshui/gaussianocc •  • 21 Aug 2024","We propose Gaussian Splatting from Voxel space (GSV) to leverage the fast rendering properties of Gaussian splatting.","Representation Learning","https://github.com/ganwanshui/gaussianocc"," 157"
"AutoGen Studio: A No-Code Developer Tool for Building and Debugging Multi-Agent Systems","https://paperswithcode.com/paper/autogen-studio-a-no-code-developer-tool-for"," microsoft/autogen •  • 9 Aug 2024","Multi-agent systems, where multiple agents (generative AI models + tools) collaborate, are emerging as an effective pattern for solving long-running, complex tasks in numerous domains.","","https://github.com/microsoft/autogen"," 30,558"
"Orbit: A Unified Simulation Framework for Interactive Robot Learning Environments","https://paperswithcode.com/paper/orbit-a-unified-simulation-framework-for"," NVIDIA-Omniverse/Orbit •  • 10 Jan 2023","We present Orbit, a unified and modular framework for robot learning powered by NVIDIA Isaac Sim.","Imitation Learning|Motion Planning","https://github.com/NVIDIA-Omniverse/Orbit"," 1,856"
"Optimizing Instructions and Demonstrations for Multi-Stage Language Model Programs","https://paperswithcode.com/paper/optimizing-instructions-and-demonstrations"," stanfordnlp/dspy •  • 17 Jun 2024","Language Model Programs, i. e. sophisticated pipelines of modular language model (LM) calls, are increasingly advancing NLP tasks, but they require crafting prompts that are jointly effective for all modules.","Language Modelling|Navigate","https://github.com/stanfordnlp/dspy"," 16,497"
"MeshAnything V2: Artist-Created Mesh Generation With Adjacent Mesh Tokenization","https://paperswithcode.com/paper/2408-02555"," buaacyw/meshanythingv2 •  • 5 Aug 2024","Compared to previous methods, AMT requires about half the token sequence length to represent the same mesh in average.","","https://github.com/buaacyw/meshanythingv2"," 502"
"Benchmarking the Abilities of Large Language Models for RDF Knowledge Graph Creation and Comprehension: How Well Do LLMs Speak Turtle?","https://paperswithcode.com/paper/benchmarking-the-abilities-of-large-language"," zjukg/kg-llm-papers • 29 Sep 2023","Large Language Models (LLMs) are advancing at a rapid pace, with significant improvements at natural language processing and coding tasks.","Benchmarking|Knowledge Graphs","https://github.com/zjukg/kg-llm-papers"," 1,305"
"An open dataset for oracle bone script recognition and decipherment","https://paperswithcode.com/paper/an-open-dataset-for-oracle-bone-script"," yuliang-liu/open-oracle • 27 Jan 2024","Oracle bone script, one of the earliest known forms of ancient Chinese writing, presents invaluable research materials for scholars studying the humanities and geography of the Shang Dynasty, dating back 3, 000 years.","Decipherment","https://github.com/yuliang-liu/open-oracle"," 21"
"SAM 2: Segment Anything in Images and Videos","https://paperswithcode.com/paper/2408-00714"," facebookresearch/segment-anything-2 •  • 1 Aug 2024","In image segmentation, our model is more accurate and 6x faster than the Segment Anything Model (SAM).","","https://github.com/facebookresearch/segment-anything-2"," 10,466"
"GenWarp: Single Image to Novel Views with Semantic-Preserving Generative Warping","https://paperswithcode.com/paper/genwarp-single-image-to-novel-views-with"," sony/genwarp •  • 27 May 2024","In these methods, an input view is geometrically warped to novel views with estimated depth maps, then the warped image is inpainted by T2I models.","Diversity|Monocular Depth Estimation","https://github.com/sony/genwarp"," 171"
"Decomposing and Editing Predictions by Modeling Model Computation","https://paperswithcode.com/paper/decomposing-and-editing-predictions-by"," madrylab/modelcomponents •  • 17 Apr 2024","The goal of component modeling is to decompose an ML model's prediction in terms of its components -- simple functions (e. g., convolution filters, attention heads) that are the "building blocks" of model computation.","counterfactual|Model Editing","https://github.com/madrylab/modelcomponents"," 83"
"GlyphDraw2: Automatic Generation of Complex Glyph Posters with Diffusion Models and Large Language Models","https://paperswithcode.com/paper/glyphdraw2-automatic-generation-of-complex"," oppo-mente-lab/glyphdraw2 •  • 2 Jul 2024","Posters play a crucial role in marketing and advertising by enhancing visual communication and brand visibility, making significant contributions to industrial design.","Marketing","https://github.com/oppo-mente-lab/glyphdraw2"," 37"
"UV-free Texture Generation with Denoising and Geodesic Heat Diffusions","https://paperswithcode.com/paper/uv-free-texture-generation-with-denoising-and"," simofoti/uv3-ted •  • 29 Aug 2024","Seams, distortions, wasted UV space, vertex-duplication, and varying resolution over the surface are the most prominent issues of the standard UV-based texturing of meshes.","Denoising|Texture Synthesis","https://github.com/simofoti/uv3-ted"," 15"
"LLaVA-MoD: Making LLaVA Tiny via MoE Knowledge Distillation","https://paperswithcode.com/paper/llava-mod-making-llava-tiny-via-moe-knowledge"," shufangxun/llava-mod • 28 Aug 2024","We introduce LLaVA-MoD, a novel framework designed to enable the efficient training of small-scale Multimodal Language Models (s-MLLM) by distilling knowledge from large-scale MLLM (l-MLLM).","Computational Efficiency|Hallucination","https://github.com/shufangxun/llava-mod"," 18"
"MLR-Copilot: Autonomous Machine Learning Research based on Large Language Models Agents","https://paperswithcode.com/paper/mlr-copilot-autonomous-machine-learning"," du-nlp-lab/mlr-copilot •  • 26 Aug 2024","Machine learning research, crucial for technological advancements and innovation, often faces significant challenges due to its inherent complexity, slow pace of experimentation, and the necessity for specialized expertise.","Language Modelling|Large Language Model","https://github.com/du-nlp-lab/mlr-copilot"," 31"
"Towards Evaluating and Building Versatile Large Language Models for Medicine","https://paperswithcode.com/paper/towards-evaluating-and-building-versatile"," magic-ai4med/meds-ins •  • 22 Aug 2024","To promote further advancements in the application of LLMs to clinical challenges, we have made the MedS-Ins dataset fully accessible and invite the research community to contribute to its expansion. Additionally, we have launched a dynamic leaderboard for MedS-Bench, which we plan to regularly update the test set to track progress and enhance the adaptation of general LLMs to the medical domain.","Multiple-choice|named-entity-recognition","https://github.com/magic-ai4med/meds-ins"," 21"
"GestSync: Determining who is speaking without a talking head","https://paperswithcode.com/paper/gestsync-determining-who-is-speaking-without"," Sindhu-Hegde/gestsync •  • 8 Oct 2023","In this paper we introduce a new synchronisation task, Gesture-Sync: determining if a person's gestures are correlated with their speech or not.","Active Speaker Detection|Gesture Synchronization","https://github.com/Sindhu-Hegde/gestsync"," 22"
"What Matters in Transformers? Not All Attention is Needed","https://paperswithcode.com/paper/what-matters-in-transformers-not-all"," shwai-he/llm-drop •  • 22 Jun 2024","In this work, we investigate the varying redundancy across different modules within Transformers, including Blocks, MLP, and Attention layers, using a similarity-based metric.","","https://github.com/shwai-he/llm-drop"," 39"
"LLMs Meet Multimodal Generation and Editing: A Survey","https://paperswithcode.com/paper/llms-meet-multimodal-generation-and-editing-a"," yingqinghe/awesome-llms-meet-multimodal-generation •  • 29 May 2024","With the recent advancement in large language models (LLMs), there is a growing interest in combining LLMs with multimodal learning.","multimodal generation","https://github.com/yingqinghe/awesome-llms-meet-multimodal-generation"," 281"
"MixTex: Unambiguous Recognition Should Not Rely Solely on Real Data","https://paperswithcode.com/paper/unambiguous-recognition-should-not-rely"," RQLuo/MixTeX •  • 24 Jun 2024","This paper introduces MixTex, an end-to-end LaTeX OCR model designed for low-bias multilingual recognition, along with its novel data collection method.","Data Augmentation|Optical Character Recognition (OCR)","https://github.com/RQLuo/MixTeX"," 615"
"How Far Are We to GPT-4V? Closing the Gap to Commercial Multimodal Models with Open-Source Suites","https://paperswithcode.com/paper/how-far-are-we-to-gpt-4v-closing-the-gap-to"," opengvlab/internvl •  • 25 Apr 2024","Compared to both open-source and proprietary models, InternVL 1. 5 shows competitive performance, achieving state-of-the-art results in 8 of 18 benchmarks.","4k|Language Modelling","https://github.com/opengvlab/internvl"," 5,409"
"Medical SAM 2: Segment medical images as video via Segment Anything Model 2","https://paperswithcode.com/paper/2408-00874"," medicinetoken/medical-sam2 •  • 1 Aug 2024","By adopting the philosophy of taking medical images as videos, MedSAM-2 not only applies to 3D medical images but also unlocks new One-prompt Segmentation capability.","Image Segmentation|Interactive Segmentation","https://github.com/medicinetoken/medical-sam2"," 309"
"DynamiCrafter: Animating Open-domain Images with Video Diffusion Priors","https://paperswithcode.com/paper/dynamicrafter-animating-open-domain-images"," Doubiiu/DynamiCrafter •  • 18 Oct 2023","Animating a still image offers an engaging visual experience.","Image Animation","https://github.com/Doubiiu/DynamiCrafter"," 2,372"
"Depth Anything V2","https://paperswithcode.com/paper/depth-anything-v2"," DepthAnything/Depth-Anything-V2 •  • 13 Jun 2024","This work presents Depth Anything V2.","Diversity|Monocular Depth Estimation","https://github.com/DepthAnything/Depth-Anything-V2"," 3,201"
"Global Structure-from-Motion Revisited","https://paperswithcode.com/paper/global-structure-from-motion-revisited"," colmap/glomap • 29 Jul 2024","Recovering 3D structure and camera motion from images has been a long-standing focus of computer vision research and is known as Structure-from-Motion (SfM).","16k","https://github.com/colmap/glomap"," 1,265"
"2D Gaussian Splatting for Geometrically Accurate Radiance Fields","https://paperswithcode.com/paper/2d-gaussian-splatting-for-geometrically"," hbb1/2d-gaussian-splatting •  • 26 Mar 2024","3D Gaussian Splatting (3DGS) has recently revolutionized radiance field reconstruction, achieving high quality novel view synthesis and fast rendering speed without baking.","Novel View Synthesis","https://github.com/hbb1/2d-gaussian-splatting"," 1,869"
"Unifying the Perspectives of NLP and Software Engineering: A Survey on Language Models for Code","https://paperswithcode.com/paper/a-survey-on-language-models-for-code"," codefuse-ai/awesome-code-llm •  • 14 Nov 2023","In this work we systematically review the recent advancements in software engineering with language models, covering 70+ models, 40+ evaluation tasks, 180+ datasets, and 900 related works.","Language Modelling","https://github.com/codefuse-ai/awesome-code-llm"," 1,332"
"Topological Methods in Machine Learning: A Tutorial for Practitioners","https://paperswithcode.com/paper/topological-methods-in-machine-learning-a"," cakcora/topologyforml • 4 Sep 2024","Topological Machine Learning (TML) is an emerging field that leverages techniques from algebraic topology to analyze complex data structures in ways that traditional machine learning methods may not capture.","","https://github.com/cakcora/topologyforml"," 11"
"Efficient and Scalable Estimation of Tool Representations in Vector Space","https://paperswithcode.com/paper/efficient-and-scalable-estimation-of-tool"," squeezeailab/tool2vec •  • 2 Sep 2024","To address those challenges, we present a novel framework for generating synthetic data for tool retrieval applications and an efficient data-driven tool retrieval strategy using small encoder models.","Multi-Label Classification|Retrieval","https://github.com/squeezeailab/tool2vec"," 9"
"YOLO-World: Real-Time Open-Vocabulary Object Detection","https://paperswithcode.com/paper/yolo-world-real-time-open-vocabulary-object"," ailab-cvc/yolo-world •  • CVPR 2024","The You Only Look Once (YOLO) series of detectors have established themselves as efficient and practical tools.","Instance Segmentation|Language Modelling","https://github.com/ailab-cvc/yolo-world"," 4,285"
"DocRes: A Generalist Model Toward Unifying Document Image Restoration Tasks","https://paperswithcode.com/paper/docres-a-generalist-model-toward-unifying"," zzzhang-jx/docres •  • CVPR 2024","This underscores the potential of DocRes across a broader spectrum of document image restoration tasks.","Binarization|Deblurring","https://github.com/zzzhang-jx/docres"," 283"